{
  "overall": {
    "exact_match_percent": 77.5,
    "f1_percent": 87.33187368187367,
    "n": 600
  },
  "by_setting": {
    "gold": {
      "em_percent": 78.0,
      "f1_percent": 88.60173160173159,
      "n": 150
    },
    "para": {
      "em_percent": 76.0,
      "f1_percent": 86.36825396825397,
      "n": 150
    },
    "dist": {
      "em_percent": 80.0,
      "f1_percent": 88.87863247863248,
      "n": 150
    },
    "para_dist": {
      "em_percent": 76.0,
      "f1_percent": 85.47887667887667,
      "n": 150
    }
  },
  "by_domain": {
    "geography": {
      "em_percent": 67.5,
      "f1_percent": 85.58333333333333,
      "n": 120
    },
    "history": {
      "em_percent": 80.0,
      "f1_percent": 86.66666666666667,
      "n": 120
    },
    "literature": {
      "em_percent": 100.0,
      "f1_percent": 100.0,
      "n": 120
    },
    "politics": {
      "em_percent": 60.0,
      "f1_percent": 80.63369963369964,
      "n": 120
    },
    "science": {
      "em_percent": 80.0,
      "f1_percent": 83.77566877566878,
      "n": 120
    }
  },
  "drops_vs_gold": {
    "para": {
      "em_drop_pp": 2.0,
      "f1_drop_pp": 2.2334776334776194
    },
    "dist": {
      "em_drop_pp": -2.0,
      "f1_drop_pp": -0.27690087690089626
    },
    "para_dist": {
      "em_drop_pp": 2.0,
      "f1_drop_pp": 3.1228549228549127
    }
  }
}