{
  "micro_overall": {
    "exact_match_percent": 77.5,
    "f1_percent": 87.29551004551006,
    "n": 600
  },
  "by_setting": {
    "dist": {
      "exact_match_percent": 80.0,
      "f1_percent": 88.87863247863247,
      "n": 150
    },
    "gold": {
      "exact_match_percent": 78.0,
      "f1_percent": 88.60173160173159,
      "n": 150
    },
    "para": {
      "exact_match_percent": 76.0,
      "f1_percent": 86.2955266955267,
      "n": 150
    },
    "para_dist": {
      "exact_match_percent": 76.0,
      "f1_percent": 85.4061494061494,
      "n": 150
    }
  },
  "paths": {
    "per_run_csv": "src/results_50/mistral7b/metrics/per_run_v2.csv",
    "aggregated_items_csv": "src/results_50/mistral7b/metrics/aggregated_items_v2.csv",
    "summary_csv": "src/results_50/mistral7b/metrics/summary_v2.csv"
  }
}